<configuration>

    <appender name="FILE" class="ch.qos.logback.core.FileAppender">
        <file>myApp.log</file>

        <encoder>
            <pattern>%date %level [%thread] %logger{10} [%file:%line] -%kvp- %msg%n</pattern>
        </encoder>
    </appender>

    <appender name="STDOUT" class="ch.qos.logback.core.ConsoleAppender">
        <encoder>
            <pattern>%kvp %msg%n</pattern>
        </encoder>
    </appender>

    <root level="debug">
        <appender-ref ref="STDOUT" />
    </root>

    <root level="error">
        <appender-ref ref="FILE" />
        <appender-ref ref="STDOUT" />
    </root>

</configuration>